CompanyID,CompanyName,DelinquencyRisk,DelinquencyRiskNumber,Aging,AgingNumber,Amount,InvoiceNumber,GridPosition,ClusterNumber
6,Fintex,Low,1,Not Yet Due,1,298715,411,1x1,
6,Fintex,Low,1,Not Yet Due,1,202637,10,1x1,
6,Fintex,Low,1,Not Yet Due,1,440212,170,1x1,
6,Fintex,Low,1,Not Yet Due,1,481358,160,1x1,
8,Fintex,Low,1,Not Yet Due,1,351590,415,1x1,
8,Fintex,Low,1,Not Yet Due,1,431139,294,1x1,
6,Fintex,Low,1,Not Yet Due,1,271895,282,1x1,
6,Fintex,Low,1,Not Yet Due,1,133094,56,1x1,
6,Fintex,Low,1,Not Yet Due,1,122545,404,1x1,
8,Fintex,Low,1,Not Yet Due,1,142695,47,1x1,
6,Fintex,Low,1,Not Yet Due,1,225731,125,1x1,
8,Fintex,Low,1,Not Yet Due,1,456185,305,1x1,
6,Fintex,Low,1,Not Yet Due,1,149598,132,1x1,
6,Fintex,Low,1,Not Yet Due,1,209914,168,1x1,
8,Fintex,Low,1,Not Yet Due,1,114781,186,1x1,
8,Fintex,Low,1,Not Yet Due,1,398584,42,1x1,
8,Fintex,Low,1,Not Yet Due,1,317112,148,1x1,
8,Fintex,Low,1,Not Yet Due,1,311175,152,1x1,
8,Fintex,Low,1,Not Yet Due,1,444920,266,1x1,
8,Fintex,Low,1,Not Yet Due,1,245835,332,1x1,
8,Fintex,Low,1,Not Yet Due,1,389928,335,1x1,1
8,Fintex,Low,1,Not Yet Due,1,214784,478,1x1,
6,Fintex,Low,1,Not Yet Due,1,345349,323,1x1,
6,Fintex,Low,1,Not Yet Due,1,355467,97,1x1,
8,Fintex,Low,1,Not Yet Due,1,325511,408,1x1,
8,Fintex,Low,1,Not Yet Due,1,363467,65,1x1,
8,Fintex,Low,1,Not Yet Due,1,235034,446,1x1,
6,Fintex,Low,1,Not Yet Due,1,459414,70,1x1,
6,Fintex,Low,1,Not Yet Due,1,187926,219,1x1,
8,Fintex,Low,1,Not Yet Due,1,348091,454,1x1,
8,Fintex,Low,1,Not Yet Due,1,168954,419,1x1,
1,Hotfix,Low,1,Not Yet Due,1,388378,96,1x1,
1,Hotfix,Low,1,Not Yet Due,1,53688,155,1x1,
1,Hotfix,Low,1,Not Yet Due,1,236882,324,1x1,
1,Hotfix,Low,1,Not Yet Due,1,368030,46,1x1,
1,Hotfix,Low,1,Not Yet Due,1,257430,269,1x1,
1,Hotfix,Low,1,Not Yet Due,1,80839,359,1x1,
1,Hotfix,Low,1,Not Yet Due,1,236127,163,1x1,
1,Hotfix,Low,1,Not Yet Due,1,229623,64,1x1,
1,Hotfix,Low,1,Not Yet Due,1,323364,417,1x1,
1,Hotfix,Low,1,Not Yet Due,1,308883,468,1x1,
1,Hotfix,Low,1,Not Yet Due,1,432199,469,1x1,
1,Hotfix,Low,1,Not Yet Due,1,157352,74,1x1,
5,iCharts,Low,1,Not Yet Due,1,353580,99,1x1,
5,iCharts,Low,1,Not Yet Due,1,272506,176,1x1,
5,iCharts,Low,1,Not Yet Due,1,172717,487,1x1,
5,iCharts,Low,1,Not Yet Due,1,242642,283,1x1,
5,iCharts,Low,1,Not Yet Due,1,424060,161,1x1,
5,iCharts,Low,1,Not Yet Due,1,484492,54,1x1,
5,iCharts,Low,1,Not Yet Due,1,400382,470,1x1,
5,iCharts,Low,1,Not Yet Due,1,103947,230,1x1,
2,Konelectrics,Low,1,Not Yet Due,1,371233,206,1x1,
2,Konelectrics,Low,1,Not Yet Due,1,155808,251,1x1,
2,Konelectrics,Low,1,Not Yet Due,1,471794,23,1x1,
2,Konelectrics,Low,1,Not Yet Due,1,118618,279,1x1,
2,Konelectrics,Low,1,Not Yet Due,1,439399,153,1x1,
2,Konelectrics,Low,1,Not Yet Due,1,395379,83,1x1,
2,Konelectrics,Low,1,Not Yet Due,1,238057,296,1x1,
2,Konelectrics,Low,1,Not Yet Due,1,58280,122,1x1,
2,Konelectrics,Low,1,Not Yet Due,1,149491,98,1x1,
12,Ranware,Low,1,Not Yet Due,1,320787,196,1x1,
12,Ranware,Low,1,Not Yet Due,1,308804,106,1x1,
12,Ranware,Low,1,Not Yet Due,1,491584,162,1x1,
12,Ranware,Low,1,Not Yet Due,1,380189,51,1x1,
12,Ranware,Low,1,Not Yet Due,1,242668,200,1x1,
12,Ranware,Low,1,Not Yet Due,1,446623,113,1x1,
12,Ranware,Low,1,Not Yet Due,1,258456,299,1x1,
12,Ranware,Low,1,Not Yet Due,1,450829,150,1x1,
3,Supering,Low,1,Not Yet Due,1,412584,93,1x1,
3,Supering,Low,1,Not Yet Due,1,405346,312,1x1,
3,Supering,Low,1,Not Yet Due,1,278384,426,1x1,
3,Supering,Low,1,Not Yet Due,1,408549,30,1x1,
3,Supering,Low,1,Not Yet Due,1,244641,234,1x1,
3,Supering,Low,1,Not Yet Due,1,71745,172,1x1,
3,Supering,Low,1,Not Yet Due,1,445390,77,1x1,
3,Supering,Low,1,Not Yet Due,1,432509,240,1x1,
3,Supering,Low,1,Not Yet Due,1,173917,173,1x1,
3,Supering,Low,1,Not Yet Due,1,419726,403,1x1,
3,Supering,Low,1,Not Yet Due,1,198622,190,1x1,
3,Supering,Low,1,Not Yet Due,1,186863,199,1x1,
10,Techihouse,Low,1,Not Yet Due,1,420057,92,1x1,
10,Techihouse,Low,1,Not Yet Due,1,277530,175,1x1,
10,Techihouse,Low,1,Not Yet Due,1,131014,311,1x1,
10,Techihouse,Low,1,Not Yet Due,1,214239,414,1x1,
10,Techihouse,Low,1,Not Yet Due,1,181659,439,1x1,
10,Techihouse,Low,1,Not Yet Due,1,438162,432,1x1,
10,Techihouse,Low,1,Not Yet Due,1,123816,112,1x1,
10,Techihouse,Low,1,Not Yet Due,1,166859,197,1x1,
10,Techihouse,Low,1,Not Yet Due,1,325862,78,1x1,
10,Techihouse,Low,1,Not Yet Due,1,54285,137,1x1,
10,Techihouse,Low,1,Not Yet Due,1,206409,342,1x1,
10,Techihouse,Low,1,Not Yet Due,1,129228,464,1x1,
10,Techihouse,Low,1,Not Yet Due,1,408130,362,1x1,
10,Techihouse,Low,1,Not Yet Due,1,353230,50,1x1,
10,Techihouse,Low,1,Not Yet Due,1,256322,295,1x1,
10,Techihouse,Low,1,Not Yet Due,1,413758,53,1x1,
10,Techihouse,Low,1,Not Yet Due,1,306816,52,1x1,
10,Techihouse,Low,1,Not Yet Due,1,294053,244,1x1,
10,Techihouse,Low,1,Not Yet Due,1,364711,133,1x1,
10,Techihouse,Low,1,Not Yet Due,1,288575,393,1x1,
10,Techihouse,Low,1,Not Yet Due,1,240676,445,1x1,
10,Techihouse,Low,1,Not Yet Due,1,89725,471,1x1,
9,Transcorporation,Low,1,Not Yet Due,1,325655,313,1x1,
7,Transcorporation,Low,1,Not Yet Due,1,335836,314,1x1,
9,Transcorporation,Low,1,Not Yet Due,1,217733,351,1x1,
7,Transcorporation,Low,1,Not Yet Due,1,439757,71,1x1,
9,Transcorporation,Low,1,Not Yet Due,1,356756,428,1x1,
7,Transcorporation,Low,1,Not Yet Due,1,445739,433,1x1,
7,Transcorporation,Low,1,Not Yet Due,1,190745,248,1x1,
7,Transcorporation,Low,1,Not Yet Due,1,324110,319,1x1,
7,Transcorporation,Low,1,Not Yet Due,1,54649,354,1x1,
7,Transcorporation,Low,1,Not Yet Due,1,330104,465,1x1,
7,Transcorporation,Low,1,Not Yet Due,1,119701,472,1x1,
9,Transcorporation,Low,1,Not Yet Due,1,179728,474,1x1,
9,Transcorporation,Low,1,Not Yet Due,1,95139,383,1x1,
7,Transcorporation,Low,1,Not Yet Due,1,67381,489,1x1,
9,Transcorporation,Low,1,Not Yet Due,1,359313,232,1x1,
7,Transcorporation,Low,1,Not Yet Due,1,409372,128,1x1,
9,Transcorporation,Low,1,Not Yet Due,1,483793,48,1x1,
7,Transcorporation,Low,1,Not Yet Due,1,443824,361,1x1,
7,Transcorporation,Low,1,Not Yet Due,1,76224,483,1x1,
9,Transcorporation,Low,1,Not Yet Due,1,348660,292,1x1,
7,Transcorporation,Low,1,Not Yet Due,1,130575,392,1x1,
7,Transcorporation,Low,1,Not Yet Due,1,348783,298,1x1,
7,Transcorporation,Low,1,Not Yet Due,1,60584,252,1x1,
9,Transcorporation,Low,1,Not Yet Due,1,242735,447,1x1,
4,Unizozcare,Low,1,Not Yet Due,1,469582,398,1x1,
4,Unizozcare,Low,1,Not Yet Due,1,184964,111,1x1,
4,Unizozcare,Low,1,Not Yet Due,1,408312,245,1x1,
4,Unizozcare,Low,1,Not Yet Due,1,326045,301,1x1,
4,Unizozcare,Low,1,Not Yet Due,1,149994,303,1x1,
4,Unizozcare,Low,1,Not Yet Due,1,255344,326,1x1,
4,Unizozcare,Low,1,Not Yet Due,1,105341,376,1x1,
4,Unizozcare,Low,1,Not Yet Due,1,321485,473,1x1,
4,Unizozcare,Low,1,Not Yet Due,1,367291,129,1x1,
4,Unizozcare,Low,1,Not Yet Due,1,224819,140,1x1,
4,Unizozcare,Low,1,Not Yet Due,1,257004,371,1x1,
4,Unizozcare,Low,1,Not Yet Due,1,149488,406,1x1,
4,Unizozcare,Low,1,Not Yet Due,1,348394,123,1x1,
4,Unizozcare,Low,1,Not Yet Due,1,359344,88,1x1,
11,Zimmedia,Low,1,Not Yet Due,1,225979,486,1x1,
11,Zimmedia,Low,1,Not Yet Due,1,85304,177,1x1,
11,Zimmedia,Low,1,Not Yet Due,1,107148,185,1x1,
11,Zimmedia,Low,1,Not Yet Due,1,461288,451,1x1,
11,Zimmedia,Low,1,Not Yet Due,1,439041,418,1x1,
11,Zimmedia,Low,1,Not Yet Due,1,272665,289,1x1,
8,Fintex,Low,1,1-30 Days Past Due,2,439837,704,1x2,
8,Fintex,Low,1,1-30 Days Past Due,2,414479,770,1x2,
8,Fintex,Low,1,1-30 Days Past Due,2,459846,688,1x2,
6,Fintex,Low,1,1-30 Days Past Due,2,426457,654,1x2,
8,Fintex,Low,1,1-30 Days Past Due,2,151195,693,1x2,
6,Fintex,Low,1,1-30 Days Past Due,2,95956,593,1x2,
6,Fintex,Low,1,1-30 Days Past Due,2,469873,613,1x2,
8,Fintex,Low,1,1-30 Days Past Due,2,189681,626,1x2,
6,Fintex,Low,1,1-30 Days Past Due,2,456217,539,1x2,
6,Fintex,Low,1,1-30 Days Past Due,2,294676,778,1x2,
6,Fintex,Low,1,1-30 Days Past Due,2,196185,773,1x2,
8,Fintex,Low,1,1-30 Days Past Due,2,158586,781,1x2,
6,Fintex,Low,1,1-30 Days Past Due,2,414151,606,1x2,
6,Fintex,Low,1,1-30 Days Past Due,2,107235,735,1x2,
1,Hotfix,Low,1,1-30 Days Past Due,2,324932,716,1x2,
1,Hotfix,Low,1,1-30 Days Past Due,2,167223,577,1x2,
1,Hotfix,Low,1,1-30 Days Past Due,2,212365,774,1x2,
1,Hotfix,Low,1,1-30 Days Past Due,2,479868,496,1x2,
1,Hotfix,Low,1,1-30 Days Past Due,2,77974,497,1x2,
1,Hotfix,Low,1,1-30 Days Past Due,2,467801,734,1x2,
5,iCharts,Low,1,1-30 Days Past Due,2,110847,674,1x2,
5,iCharts,Low,1,1-30 Days Past Due,2,61675,557,1x2,
5,iCharts,Low,1,1-30 Days Past Due,2,273499,633,1x2,
5,iCharts,Low,1,1-30 Days Past Due,2,354073,627,1x2,
5,iCharts,Low,1,1-30 Days Past Due,2,454207,569,1x2,
5,iCharts,Low,1,1-30 Days Past Due,2,396208,733,1x2,
5,iCharts,Low,1,1-30 Days Past Due,2,432752,575,1x2,
2,Konelectrics,Low,1,1-30 Days Past Due,2,419961,649,1x2,
2,Konelectrics,Low,1,1-30 Days Past Due,2,266327,679,1x2,
2,Konelectrics,Low,1,1-30 Days Past Due,2,296968,717,1x2,
2,Konelectrics,Low,1,1-30 Days Past Due,2,212642,692,1x2,
12,Ranware,Low,1,1-30 Days Past Due,2,59011,499,1x2,
12,Ranware,Low,1,1-30 Days Past Due,2,343590,667,1x2,
12,Ranware,Low,1,1-30 Days Past Due,2,419113,699,1x2,
12,Ranware,Low,1,1-30 Days Past Due,2,222166,750,1x2,
12,Ranware,Low,1,1-30 Days Past Due,2,398927,543,1x2,
12,Ranware,Low,1,1-30 Days Past Due,2,158608,644,1x2,
12,Ranware,Low,1,1-30 Days Past Due,2,343989,551,1x2,
12,Ranware,Low,1,1-30 Days Past Due,2,254290,617,1x2,
12,Ranware,Low,1,1-30 Days Past Due,2,316421,582,1x2,
12,Ranware,Low,1,1-30 Days Past Due,2,101246,493,1x2,
12,Ranware,Low,1,1-30 Days Past Due,2,116496,748,1x2,
3,Supering,Low,1,1-30 Days Past Due,2,399231,591,1x2,
3,Supering,Low,1,1-30 Days Past Due,2,383463,513,1x2,
3,Supering,Low,1,1-30 Days Past Due,2,487557,609,1x2,
3,Supering,Low,1,1-30 Days Past Due,2,413798,761,1x2,
3,Supering,Low,1,1-30 Days Past Due,2,225114,726,1x2,
3,Supering,Low,1,1-30 Days Past Due,2,493134,764,1x2,
10,Techihouse,Low,1,1-30 Days Past Due,2,238734,732,1x2,
10,Techihouse,Low,1,1-30 Days Past Due,2,109231,737,1x2,
10,Techihouse,Low,1,1-30 Days Past Due,2,314104,534,1x2,
10,Techihouse,Low,1,1-30 Days Past Due,2,318040,563,1x2,
10,Techihouse,Low,1,1-30 Days Past Due,2,245284,588,1x2,
10,Techihouse,Low,1,1-30 Days Past Due,2,309569,511,1x2,
10,Techihouse,Low,1,1-30 Days Past Due,2,51159,660,1x2,
10,Techihouse,Low,1,1-30 Days Past Due,2,230066,616,1x2,
10,Techihouse,Low,1,1-30 Days Past Due,2,128386,678,1x2,
10,Techihouse,Low,1,1-30 Days Past Due,2,315170,645,1x2,
10,Techihouse,Low,1,1-30 Days Past Due,2,129996,523,1x2,
10,Techihouse,Low,1,1-30 Days Past Due,2,307504,709,1x2,
10,Techihouse,Low,1,1-30 Days Past Due,2,119777,618,1x2,
10,Techihouse,Low,1,1-30 Days Past Due,2,75996,576,1x2,
9,Transcorporation,Low,1,1-30 Days Past Due,2,141624,685,1x2,
9,Transcorporation,Low,1,1-30 Days Past Due,2,497688,771,1x2,
9,Transcorporation,Low,1,1-30 Days Past Due,2,216202,586,1x2,
9,Transcorporation,Low,1,1-30 Days Past Due,2,81474,662,1x2,
7,Transcorporation,Low,1,1-30 Days Past Due,2,402968,686,1x2,
7,Transcorporation,Low,1,1-30 Days Past Due,2,185072,556,1x2,
9,Transcorporation,Low,1,1-30 Days Past Due,2,157115,657,1x2,
9,Transcorporation,Low,1,1-30 Days Past Due,2,199196,706,1x2,
7,Transcorporation,Low,1,1-30 Days Past Due,2,178618,769,1x2,
7,Transcorporation,Low,1,1-30 Days Past Due,2,441886,696,1x2,
9,Transcorporation,Low,1,1-30 Days Past Due,2,498134,746,1x2,
7,Transcorporation,Low,1,1-30 Days Past Due,2,343933,568,1x2,
4,Unizozcare,Low,1,1-30 Days Past Due,2,228003,714,1x2,
4,Unizozcare,Low,1,1-30 Days Past Due,2,330429,619,1x2,
4,Unizozcare,Low,1,1-30 Days Past Due,2,492918,611,1x2,
4,Unizozcare,Low,1,1-30 Days Past Due,2,185920,628,1x2,
4,Unizozcare,Low,1,1-30 Days Past Due,2,313212,629,1x2,
4,Unizozcare,Low,1,1-30 Days Past Due,2,53712,559,1x2,
4,Unizozcare,Low,1,1-30 Days Past Due,2,154720,494,1x2,
11,Zimmedia,Low,1,1-30 Days Past Due,2,161252,689,1x2,
11,Zimmedia,Low,1,1-30 Days Past Due,2,63495,652,1x2,
11,Zimmedia,Low,1,1-30 Days Past Due,2,350234,562,1x2,
11,Zimmedia,Low,1,1-30 Days Past Due,2,150847,564,1x2,
11,Zimmedia,Low,1,1-30 Days Past Due,2,104774,537,1x2,
11,Zimmedia,Low,1,1-30 Days Past Due,2,313573,669,1x2,
11,Zimmedia,Low,1,1-30 Days Past Due,2,492848,730,1x2,
6,Fintex,Low,1,31-60 Days Past Due,3,421224,855,1x3,
8,Fintex,Low,1,31-60 Days Past Due,3,423525,902,1x3,
6,Fintex,Low,1,31-60 Days Past Due,3,486099,903,1x3,
8,Fintex,Low,1,31-60 Days Past Due,3,77003,796,1x3,
6,Fintex,Low,1,31-60 Days Past Due,3,421506,878,1x3,
8,Fintex,Low,1,31-60 Days Past Due,3,471076,868,1x3,
1,Hotfix,Low,1,31-60 Days Past Due,3,376930,885,1x3,
1,Hotfix,Low,1,31-60 Days Past Due,3,62229,846,1x3,
1,Hotfix,Low,1,31-60 Days Past Due,3,89098,794,1x3,
1,Hotfix,Low,1,31-60 Days Past Due,3,342442,810,1x3,
1,Hotfix,Low,1,31-60 Days Past Due,3,193848,834,1x3,
5,iCharts,Low,1,31-60 Days Past Due,3,237487,887,1x3,
5,iCharts,Low,1,31-60 Days Past Due,3,302305,876,1x3,
2,Konelectrics,Low,1,31-60 Days Past Due,3,391421,789,1x3,
12,Ranware,Low,1,31-60 Days Past Due,3,415142,817,1x3,
12,Ranware,Low,1,31-60 Days Past Due,3,471653,839,1x3,
12,Ranware,Low,1,31-60 Days Past Due,3,446880,827,1x3,
3,Supering,Low,1,31-60 Days Past Due,3,293059,860,1x3,
3,Supering,Low,1,31-60 Days Past Due,3,239637,877,1x3,
3,Supering,Low,1,31-60 Days Past Due,3,131116,844,1x3,
10,Techihouse,Low,1,31-60 Days Past Due,3,266177,881,1x3,
9,Transcorporation,Low,1,31-60 Days Past Due,3,444085,847,1x3,
7,Transcorporation,Low,1,31-60 Days Past Due,3,322420,888,1x3,
4,Unizozcare,Low,1,31-60 Days Past Due,3,113109,798,1x3,
4,Unizozcare,Low,1,31-60 Days Past Due,3,164519,832,1x3,
4,Unizozcare,Low,1,31-60 Days Past Due,3,295761,785,1x3,
4,Unizozcare,Low,1,31-60 Days Past Due,3,239092,882,1x3,
11,Zimmedia,Low,1,31-60 Days Past Due,3,135718,909,1x3,
11,Zimmedia,Low,1,31-60 Days Past Due,3,70581,898,1x3,
8,Fintex,Low,1,61-90 Days Past Due,4,331666,948,1x4,
8,Fintex,Low,1,61-90 Days Past Due,4,379064,939,1x4,
8,Fintex,Low,1,61-90 Days Past Due,4,435765,915,1x4,
1,Hotfix,Low,1,61-90 Days Past Due,4,453509,936,1x4,
1,Hotfix,Low,1,61-90 Days Past Due,4,172382,925,1x4,
2,Konelectrics,Low,1,61-90 Days Past Due,4,470053,910,1x4,
2,Konelectrics,Low,1,61-90 Days Past Due,4,143881,947,1x4,
2,Konelectrics,Low,1,61-90 Days Past Due,4,377930,918,1x4,
12,Ranware,Low,1,61-90 Days Past Due,4,495126,940,1x4,
12,Ranware,Low,1,61-90 Days Past Due,4,324177,946,1x4,
12,Ranware,Low,1,61-90 Days Past Due,4,226183,942,1x4,
3,Supering,Low,1,61-90 Days Past Due,4,210342,921,1x4,
9,Transcorporation,Low,1,61-90 Days Past Due,4,97701,941,1x4,
7,Transcorporation,Low,1,61-90 Days Past Due,4,50005,930,1x4,
4,Unizozcare,Low,1,61-90 Days Past Due,4,252793,920,1x4,
8,Fintex,Low,1,90+ Days Past Due,5,141355,957,1x5,
1,Hotfix,Low,1,90+ Days Past Due,5,150976,949,1x5,
1,Hotfix,Low,1,90+ Days Past Due,5,289205,991,1x5,
1,Hotfix,Low,1,90+ Days Past Due,5,302583,997,1x5,
5,iCharts,Low,1,90+ Days Past Due,5,267832,975,1x5,
2,Konelectrics,Low,1,90+ Days Past Due,5,309504,953,1x5,
2,Konelectrics,Low,1,90+ Days Past Due,5,143899,965,1x5,
2,Konelectrics,Low,1,90+ Days Past Due,5,346071,967,1x5,
10,Techihouse,Low,1,90+ Days Past Due,5,133007,951,1x5,
10,Techihouse,Low,1,90+ Days Past Due,5,189590,993,1x5,
9,Transcorporation,Low,1,90+ Days Past Due,5,216222,978,1x5,
4,Unizozcare,Low,1,90+ Days Past Due,5,368733,968,1x5,
4,Unizozcare,Low,1,90+ Days Past Due,5,81156,970,1x5,
11,Zimmedia,Low,1,90+ Days Past Due,5,85617,962,1x5,
22,Conecom,Low-Moderate,2,Not Yet Due,1,136986,275,2x1,
22,Conecom,Low-Moderate,2,Not Yet Due,1,290074,108,2x1,
22,Conecom,Low-Moderate,2,Not Yet Due,1,444880,178,2x1,
22,Conecom,Low-Moderate,2,Not Yet Due,1,220459,34,2x1,
22,Conecom,Low-Moderate,2,Not Yet Due,1,240344,102,2x1,
22,Conecom,Low-Moderate,2,Not Yet Due,1,282610,12,2x1,
22,Conecom,Low-Moderate,2,Not Yet Due,1,136552,337,2x1,
22,Conecom,Low-Moderate,2,Not Yet Due,1,470002,166,2x1,
22,Conecom,Low-Moderate,2,Not Yet Due,1,135857,340,2x1,
22,Conecom,Low-Moderate,2,Not Yet Due,1,51091,14,2x1,
18,D-holding,Low-Moderate,2,Not Yet Due,1,308224,211,2x1,
18,D-holding,Low-Moderate,2,Not Yet Due,1,309399,104,2x1,
18,D-holding,Low-Moderate,2,Not Yet Due,1,351122,210,2x1,
18,D-holding,Low-Moderate,2,Not Yet Due,1,316501,165,2x1,
18,D-holding,Low-Moderate,2,Not Yet Due,1,367305,144,2x1,
18,D-holding,Low-Moderate,2,Not Yet Due,1,307339,320,2x1,
18,D-holding,Low-Moderate,2,Not Yet Due,1,69983,62,2x1,
18,D-holding,Low-Moderate,2,Not Yet Due,1,285251,60,2x1,
19,Geois,Low-Moderate,2,Not Yet Due,1,235690,145,2x1,
19,Geois,Low-Moderate,2,Not Yet Due,1,399454,255,2x1,
19,Geois,Low-Moderate,2,Not Yet Due,1,172507,154,2x1,
19,Geois,Low-Moderate,2,Not Yet Due,1,384263,207,2x1,
19,Geois,Low-Moderate,2,Not Yet Due,1,263616,285,2x1,
19,Geois,Low-Moderate,2,Not Yet Due,1,384446,246,2x1,
19,Geois,Low-Moderate,2,Not Yet Due,1,336244,80,2x1,
19,Geois,Low-Moderate,2,Not Yet Due,1,359224,131,2x1,
19,Geois,Low-Moderate,2,Not Yet Due,1,197010,378,2x1,
19,Geois,Low-Moderate,2,Not Yet Due,1,285207,121,2x1,
19,Geois,Low-Moderate,2,Not Yet Due,1,63190,67,2x1,
19,Geois,Low-Moderate,2,Not Yet Due,1,157413,214,2x1,
19,Geois,Low-Moderate,2,Not Yet Due,1,220897,87,2x1,
19,Geois,Low-Moderate,2,Not Yet Due,1,291705,124,2x1,
19,Geois,Low-Moderate,2,Not Yet Due,1,247062,300,2x1,
15,Goodstrip,Low-Moderate,2,Not Yet Due,1,484378,280,2x1,
15,Goodstrip,Low-Moderate,2,Not Yet Due,1,494639,9,2x1,
15,Goodstrip,Low-Moderate,2,Not Yet Due,1,266965,346,2x1,
15,Goodstrip,Low-Moderate,2,Not Yet Due,1,224074,28,2x1,
15,Goodstrip,Low-Moderate,2,Not Yet Due,1,413342,1,2x1,
15,Goodstrip,Low-Moderate,2,Not Yet Due,1,158033,55,2x1,
15,Goodstrip,Low-Moderate,2,Not Yet Due,1,130699,79,2x1,
15,Goodstrip,Low-Moderate,2,Not Yet Due,1,264836,247,2x1,
15,Goodstrip,Low-Moderate,2,Not Yet Due,1,382989,169,2x1,
15,Goodstrip,Low-Moderate,2,Not Yet Due,1,119655,345,2x1,
15,Goodstrip,Low-Moderate,2,Not Yet Due,1,57014,322,2x1,
15,Goodstrip,Low-Moderate,2,Not Yet Due,1,486124,85,2x1,
17,Hotdex,Low-Moderate,2,Not Yet Due,1,349409,213,2x1,
17,Hotdex,Low-Moderate,2,Not Yet Due,1,394611,231,2x1,
17,Hotdex,Low-Moderate,2,Not Yet Due,1,385444,238,2x1,
17,Hotdex,Low-Moderate,2,Not Yet Due,1,456400,167,2x1,
17,Hotdex,Low-Moderate,2,Not Yet Due,1,431119,174,2x1,
17,Hotdex,Low-Moderate,2,Not Yet Due,1,264824,18,2x1,
17,Hotdex,Low-Moderate,2,Not Yet Due,1,443056,20,2x1,
17,Hotdex,Low-Moderate,2,Not Yet Due,1,374078,21,2x1,
17,Hotdex,Low-Moderate,2,Not Yet Due,1,348498,267,2x1,
17,Hotdex,Low-Moderate,2,Not Yet Due,1,238478,379,2x1,
17,Hotdex,Low-Moderate,2,Not Yet Due,1,442338,278,2x1,
17,Hotdex,Low-Moderate,2,Not Yet Due,1,128134,286,2x1,
17,Hotdex,Low-Moderate,2,Not Yet Due,1,184094,63,2x1,
17,Hotdex,Low-Moderate,2,Not Yet Due,1,431801,365,2x1,
17,Hotdex,Low-Moderate,2,Not Yet Due,1,181801,66,2x1,
17,Hotdex,Low-Moderate,2,Not Yet Due,1,239848,89,2x1,
23,Linecode,Low-Moderate,2,Not Yet Due,1,221597,276,2x1,
23,Linecode,Low-Moderate,2,Not Yet Due,1,461712,33,2x1,
23,Linecode,Low-Moderate,2,Not Yet Due,1,172479,227,2x1,
23,Linecode,Low-Moderate,2,Not Yet Due,1,118967,239,2x1,
23,Linecode,Low-Moderate,2,Not Yet Due,1,233834,369,2x1,
23,Linecode,Low-Moderate,2,Not Yet Due,1,489150,241,2x1,
20,Moveholdings,Low-Moderate,2,Not Yet Due,1,111996,308,2x1,
20,Moveholdings,Low-Moderate,2,Not Yet Due,1,92945,309,2x1,
20,Moveholdings,Low-Moderate,2,Not Yet Due,1,163533,209,2x1,
20,Moveholdings,Low-Moderate,2,Not Yet Due,1,425509,368,2x1,
20,Moveholdings,Low-Moderate,2,Not Yet Due,1,425161,325,2x1,
20,Moveholdings,Low-Moderate,2,Not Yet Due,1,454980,333,2x1,
20,Moveholdings,Low-Moderate,2,Not Yet Due,1,69273,372,2x1,
20,Moveholdings,Low-Moderate,2,Not Yet Due,1,199520,82,2x1,
16,Openkix,Low-Moderate,2,Not Yet Due,1,355824,243,2x1,
16,Openkix,Low-Moderate,2,Not Yet Due,1,297049,31,2x1,
16,Openkix,Low-Moderate,2,Not Yet Due,1,207964,72,2x1,
16,Openkix,Low-Moderate,2,Not Yet Due,1,310523,318,2x1,
16,Openkix,Low-Moderate,2,Not Yet Due,1,75622,223,2x1,
16,Openkix,Low-Moderate,2,Not Yet Due,1,291341,242,2x1,
16,Openkix,Low-Moderate,2,Not Yet Due,1,277249,58,2x1,
16,Openkix,Low-Moderate,2,Not Yet Due,1,343481,377,2x1,
16,Openkix,Low-Moderate,2,Not Yet Due,1,112411,86,2x1,
16,Openkix,Low-Moderate,2,Not Yet Due,1,466936,259,2x1,
21,Singledrill,Low-Moderate,2,Not Yet Due,1,312005,293,2x1,
21,Singledrill,Low-Moderate,2,Not Yet Due,1,90529,138,2x1,
21,Singledrill,Low-Moderate,2,Not Yet Due,1,328669,143,2x1,
21,Singledrill,Low-Moderate,2,Not Yet Due,1,250938,187,2x1,
21,Singledrill,Low-Moderate,2,Not Yet Due,1,318470,364,2x1,
21,Singledrill,Low-Moderate,2,Not Yet Due,1,373372,270,2x1,
21,Singledrill,Low-Moderate,2,Not Yet Due,1,459314,217,2x1,
14,Ware-fix,Low-Moderate,2,Not Yet Due,1,492271,272,2x1,
14,Ware-fix,Low-Moderate,2,Not Yet Due,1,278282,4,2x1,
14,Ware-fix,Low-Moderate,2,Not Yet Due,1,163244,367,2x1,
14,Ware-fix,Low-Moderate,2,Not Yet Due,1,89784,330,2x1,
14,Ware-fix,Low-Moderate,2,Not Yet Due,1,251213,373,2x1,
14,Ware-fix,Low-Moderate,2,Not Yet Due,1,432327,236,2x1,
14,Ware-fix,Low-Moderate,2,Not Yet Due,1,350750,90,2x1,
13,Yearzim,Low-Moderate,2,Not Yet Due,1,127739,274,2x1,
13,Yearzim,Low-Moderate,2,Not Yet Due,1,301743,8,2x1,
13,Yearzim,Low-Moderate,2,Not Yet Due,1,419843,257,2x1,
13,Yearzim,Low-Moderate,2,Not Yet Due,1,378081,159,2x1,
13,Yearzim,Low-Moderate,2,Not Yet Due,1,219828,221,2x1,
13,Yearzim,Low-Moderate,2,Not Yet Due,1,214599,222,2x1,
13,Yearzim,Low-Moderate,2,Not Yet Due,1,419147,126,2x1,
13,Yearzim,Low-Moderate,2,Not Yet Due,1,485051,343,2x1,
13,Yearzim,Low-Moderate,2,Not Yet Due,1,215794,329,2x1,
13,Yearzim,Low-Moderate,2,Not Yet Due,1,404448,355,2x1,
13,Yearzim,Low-Moderate,2,Not Yet Due,1,353520,374,2x1,
13,Yearzim,Low-Moderate,2,Not Yet Due,1,159660,37,2x1,
13,Yearzim,Low-Moderate,2,Not Yet Due,1,328330,43,2x1,
13,Yearzim,Low-Moderate,2,Not Yet Due,1,235299,3,2x1,
22,Conecom,Low-Moderate,2,1-30 Days Past Due,2,180566,653,2x2,
22,Conecom,Low-Moderate,2,1-30 Days Past Due,2,233011,668,2x2,
22,Conecom,Low-Moderate,2,1-30 Days Past Due,2,260533,631,2x2,
22,Conecom,Low-Moderate,2,1-30 Days Past Due,2,193004,553,2x2,
22,Conecom,Low-Moderate,2,1-30 Days Past Due,2,300565,381,2x2,
22,Conecom,Low-Moderate,2,1-30 Days Past Due,2,461278,488,2x2,
22,Conecom,Low-Moderate,2,1-30 Days Past Due,2,53436,672,2x2,
22,Conecom,Low-Moderate,2,1-30 Days Past Due,2,400653,444,2x2,
22,Conecom,Low-Moderate,2,1-30 Days Past Due,2,215120,567,2x2,
22,Conecom,Low-Moderate,2,1-30 Days Past Due,2,495799,583,2x2,
18,D-holding,Low-Moderate,2,1-30 Days Past Due,2,190368,687,2x2,
18,D-holding,Low-Moderate,2,1-30 Days Past Due,2,437643,587,2x2,
18,D-holding,Low-Moderate,2,1-30 Days Past Due,2,156583,555,2x2,
18,D-holding,Low-Moderate,2,1-30 Days Past Due,2,350290,532,2x2,
18,D-holding,Low-Moderate,2,1-30 Days Past Due,2,139601,558,2x2,
18,D-holding,Low-Moderate,2,1-30 Days Past Due,2,369196,635,2x2,
18,D-holding,Low-Moderate,2,1-30 Days Past Due,2,219485,661,2x2,
18,D-holding,Low-Moderate,2,1-30 Days Past Due,2,367852,566,2x2,
19,Geois,Low-Moderate,2,1-30 Days Past Due,2,223134,528,2x2,
19,Geois,Low-Moderate,2,1-30 Days Past Due,2,406340,590,2x2,
19,Geois,Low-Moderate,2,1-30 Days Past Due,2,216305,498,2x2,
19,Geois,Low-Moderate,2,1-30 Days Past Due,2,89494,437,2x2,
19,Geois,Low-Moderate,2,1-30 Days Past Due,2,155383,517,2x2,
19,Geois,Low-Moderate,2,1-30 Days Past Due,2,202412,632,2x2,
19,Geois,Low-Moderate,2,1-30 Days Past Due,2,342879,385,2x2,
19,Geois,Low-Moderate,2,1-30 Days Past Due,2,457301,533,2x2,
19,Geois,Low-Moderate,2,1-30 Days Past Due,2,80723,622,2x2,
15,Goodstrip,Low-Moderate,2,1-30 Days Past Due,2,113923,524,2x2,
15,Goodstrip,Low-Moderate,2,1-30 Days Past Due,2,180316,651,2x2,
15,Goodstrip,Low-Moderate,2,1-30 Days Past Due,2,65717,663,2x2,
15,Goodstrip,Low-Moderate,2,1-30 Days Past Due,2,233429,545,2x2,
15,Goodstrip,Low-Moderate,2,1-30 Days Past Due,2,347156,458,2x2,
15,Goodstrip,Low-Moderate,2,1-30 Days Past Due,2,312823,673,2x2,
15,Goodstrip,Low-Moderate,2,1-30 Days Past Due,2,178163,646,2x2,
15,Goodstrip,Low-Moderate,2,1-30 Days Past Due,2,345285,650,2x2,
17,Hotdex,Low-Moderate,2,1-30 Days Past Due,2,221201,424,2x2,
17,Hotdex,Low-Moderate,2,1-30 Days Past Due,2,55361,698,2x2,
17,Hotdex,Low-Moderate,2,1-30 Days Past Due,2,126196,521,2x2,
17,Hotdex,Low-Moderate,2,1-30 Days Past Due,2,400822,675,2x2,
17,Hotdex,Low-Moderate,2,1-30 Days Past Due,2,88328,708,2x2,
23,Linecode,Low-Moderate,2,1-30 Days Past Due,2,268814,665,2x2,
23,Linecode,Low-Moderate,2,1-30 Days Past Due,2,498169,598,2x2,
23,Linecode,Low-Moderate,2,1-30 Days Past Due,2,391008,634,2x2,
23,Linecode,Low-Moderate,2,1-30 Days Past Due,2,311155,630,2x2,
23,Linecode,Low-Moderate,2,1-30 Days Past Due,2,473518,601,2x2,
23,Linecode,Low-Moderate,2,1-30 Days Past Due,2,293995,453,2x2,
20,Moveholdings,Low-Moderate,2,1-30 Days Past Due,2,235748,711,2x2,
20,Moveholdings,Low-Moderate,2,1-30 Days Past Due,2,298873,561,2x2,
20,Moveholdings,Low-Moderate,2,1-30 Days Past Due,2,385406,585,2x2,
20,Moveholdings,Low-Moderate,2,1-30 Days Past Due,2,139094,621,2x2,
20,Moveholdings,Low-Moderate,2,1-30 Days Past Due,2,283702,670,2x2,
20,Moveholdings,Low-Moderate,2,1-30 Days Past Due,2,144796,390,2x2,
20,Moveholdings,Low-Moderate,2,1-30 Days Past Due,2,438861,459,2x2,
20,Moveholdings,Low-Moderate,2,1-30 Days Past Due,2,185336,452,2x2,
16,Openkix,Low-Moderate,2,1-30 Days Past Due,2,418562,712,2x2,
16,Openkix,Low-Moderate,2,1-30 Days Past Due,2,223462,527,2x2,
16,Openkix,Low-Moderate,2,1-30 Days Past Due,2,197115,481,2x2,
16,Openkix,Low-Moderate,2,1-30 Days Past Due,2,451003,514,2x2,
16,Openkix,Low-Moderate,2,1-30 Days Past Due,2,248521,388,2x2,
16,Openkix,Low-Moderate,2,1-30 Days Past Due,2,310457,579,2x2,
16,Openkix,Low-Moderate,2,1-30 Days Past Due,2,324542,602,2x2,
16,Openkix,Low-Moderate,2,1-30 Days Past Due,2,259908,676,2x2,
16,Openkix,Low-Moderate,2,1-30 Days Past Due,2,96192,402,2x2,
16,Openkix,Low-Moderate,2,1-30 Days Past Due,2,89254,448,2x2,
21,Singledrill,Low-Moderate,2,1-30 Days Past Due,2,311445,710,2x2,
21,Singledrill,Low-Moderate,2,1-30 Days Past Due,2,318572,715,2x2,
21,Singledrill,Low-Moderate,2,1-30 Days Past Due,2,239583,666,2x2,
21,Singledrill,Low-Moderate,2,1-30 Days Past Due,2,433683,548,2x2,
21,Singledrill,Low-Moderate,2,1-30 Days Past Due,2,439264,401,2x2,
14,Ware-fix,Low-Moderate,2,1-30 Days Past Due,2,376060,400,2x2,
14,Ware-fix,Low-Moderate,2,1-30 Days Past Due,2,180953,386,2x2,
14,Ware-fix,Low-Moderate,2,1-30 Days Past Due,2,70493,480,2x2,
14,Ware-fix,Low-Moderate,2,1-30 Days Past Due,2,423100,512,2x2,
14,Ware-fix,Low-Moderate,2,1-30 Days Past Due,2,109326,707,2x2,
14,Ware-fix,Low-Moderate,2,1-30 Days Past Due,2,462304,396,2x2,
14,Ware-fix,Low-Moderate,2,1-30 Days Past Due,2,392253,397,2x2,
14,Ware-fix,Low-Moderate,2,1-30 Days Past Due,2,225822,584,2x2,
13,Yearzim,Low-Moderate,2,1-30 Days Past Due,2,200982,399,2x2,
13,Yearzim,Low-Moderate,2,1-30 Days Past Due,2,416738,440,2x2,
13,Yearzim,Low-Moderate,2,1-30 Days Past Due,2,271840,431,2x2,
13,Yearzim,Low-Moderate,2,1-30 Days Past Due,2,120970,441,2x2,
13,Yearzim,Low-Moderate,2,1-30 Days Past Due,2,163093,442,2x2,
13,Yearzim,Low-Moderate,2,1-30 Days Past Due,2,454546,658,2x2,
13,Yearzim,Low-Moderate,2,1-30 Days Past Due,2,492032,615,2x2,
22,Conecom,Low-Moderate,2,31-60 Days Past Due,3,492167,738,2x3,
22,Conecom,Low-Moderate,2,31-60 Days Past Due,3,394494,854,2x3,
22,Conecom,Low-Moderate,2,31-60 Days Past Due,3,261239,743,2x3,
22,Conecom,Low-Moderate,2,31-60 Days Past Due,3,380132,822,2x3,
22,Conecom,Low-Moderate,2,31-60 Days Past Due,3,384389,836,2x3,
18,D-holding,Low-Moderate,2,31-60 Days Past Due,3,64351,736,2x3,
18,D-holding,Low-Moderate,2,31-60 Days Past Due,3,361119,744,2x3,
18,D-holding,Low-Moderate,2,31-60 Days Past Due,3,451895,818,2x3,
18,D-holding,Low-Moderate,2,31-60 Days Past Due,3,450038,799,2x3,
18,D-holding,Low-Moderate,2,31-60 Days Past Due,3,372479,727,2x3,
19,Geois,Low-Moderate,2,31-60 Days Past Due,3,110100,814,2x3,
19,Geois,Low-Moderate,2,31-60 Days Past Due,3,448191,742,2x3,
19,Geois,Low-Moderate,2,31-60 Days Past Due,3,417444,729,2x3,
19,Geois,Low-Moderate,2,31-60 Days Past Due,3,371408,782,2x3,
19,Geois,Low-Moderate,2,31-60 Days Past Due,3,215253,826,2x3,
15,Goodstrip,Low-Moderate,2,31-60 Days Past Due,3,209010,833,2x3,
15,Goodstrip,Low-Moderate,2,31-60 Days Past Due,3,383104,755,2x3,
15,Goodstrip,Low-Moderate,2,31-60 Days Past Due,3,314596,852,2x3,
15,Goodstrip,Low-Moderate,2,31-60 Days Past Due,3,135173,747,2x3,
17,Hotdex,Low-Moderate,2,31-60 Days Past Due,3,223873,849,2x3,
17,Hotdex,Low-Moderate,2,31-60 Days Past Due,3,358313,850,2x3,
17,Hotdex,Low-Moderate,2,31-60 Days Past Due,3,93651,720,2x3,
23,Linecode,Low-Moderate,2,31-60 Days Past Due,3,375733,803,2x3,
23,Linecode,Low-Moderate,2,31-60 Days Past Due,3,367914,757,2x3,
20,Moveholdings,Low-Moderate,2,31-60 Days Past Due,3,166378,801,2x3,
20,Moveholdings,Low-Moderate,2,31-60 Days Past Due,3,123912,745,2x3,
20,Moveholdings,Low-Moderate,2,31-60 Days Past Due,3,438734,767,2x3,
16,Openkix,Low-Moderate,2,31-60 Days Past Due,3,221363,829,2x3,
16,Openkix,Low-Moderate,2,31-60 Days Past Due,3,293534,724,2x3,
16,Openkix,Low-Moderate,2,31-60 Days Past Due,3,111476,841,2x3,
16,Openkix,Low-Moderate,2,31-60 Days Past Due,3,169762,721,2x3,
21,Singledrill,Low-Moderate,2,31-60 Days Past Due,3,274136,825,2x3,
21,Singledrill,Low-Moderate,2,31-60 Days Past Due,3,468185,806,2x3,
21,Singledrill,Low-Moderate,2,31-60 Days Past Due,3,289497,812,2x3,
21,Singledrill,Low-Moderate,2,31-60 Days Past Due,3,463385,725,2x3,
21,Singledrill,Low-Moderate,2,31-60 Days Past Due,3,369631,835,2x3,
21,Singledrill,Low-Moderate,2,31-60 Days Past Due,3,312445,824,2x3,
14,Ware-fix,Low-Moderate,2,31-60 Days Past Due,3,172594,740,2x3,
14,Ware-fix,Low-Moderate,2,31-60 Days Past Due,3,178753,722,2x3,
14,Ware-fix,Low-Moderate,2,31-60 Days Past Due,3,140628,808,2x3,
14,Ware-fix,Low-Moderate,2,31-60 Days Past Due,3,344620,772,2x3,
13,Yearzim,Low-Moderate,2,31-60 Days Past Due,3,380970,759,2x3,
22,Conecom,Low-Moderate,2,61-90 Days Past Due,4,135844,880,2x4,
22,Conecom,Low-Moderate,2,61-90 Days Past Due,4,143778,919,2x4,
18,D-holding,Low-Moderate,2,61-90 Days Past Due,4,79799,884,2x4,
18,D-holding,Low-Moderate,2,61-90 Days Past Due,4,476273,916,2x4,
18,D-holding,Low-Moderate,2,61-90 Days Past Due,4,253788,883,2x4,
19,Geois,Low-Moderate,2,61-90 Days Past Due,4,205631,892,2x4,
19,Geois,Low-Moderate,2,61-90 Days Past Due,4,56645,879,2x4,
15,Goodstrip,Low-Moderate,2,61-90 Days Past Due,4,474387,899,2x4,
15,Goodstrip,Low-Moderate,2,61-90 Days Past Due,4,61104,870,2x4,
15,Goodstrip,Low-Moderate,2,61-90 Days Past Due,4,174094,867,2x4,
15,Goodstrip,Low-Moderate,2,61-90 Days Past Due,4,88001,927,2x4,
17,Hotdex,Low-Moderate,2,61-90 Days Past Due,4,314322,869,2x4,
17,Hotdex,Low-Moderate,2,61-90 Days Past Due,4,89509,871,2x4,
17,Hotdex,Low-Moderate,2,61-90 Days Past Due,4,389212,923,2x4,
23,Linecode,Low-Moderate,2,61-90 Days Past Due,4,417297,872,2x4,
23,Linecode,Low-Moderate,2,61-90 Days Past Due,4,369181,897,2x4,
23,Linecode,Low-Moderate,2,61-90 Days Past Due,4,220618,922,2x4,
20,Moveholdings,Low-Moderate,2,61-90 Days Past Due,4,267227,890,2x4,
16,Openkix,Low-Moderate,2,61-90 Days Past Due,4,56180,859,2x4,
16,Openkix,Low-Moderate,2,61-90 Days Past Due,4,84513,914,2x4,
16,Openkix,Low-Moderate,2,61-90 Days Past Due,4,261550,913,2x4,
16,Openkix,Low-Moderate,2,61-90 Days Past Due,4,217071,873,2x4,
21,Singledrill,Low-Moderate,2,61-90 Days Past Due,4,104406,896,2x4,
21,Singledrill,Low-Moderate,2,61-90 Days Past Due,4,355132,858,2x4,
14,Ware-fix,Low-Moderate,2,61-90 Days Past Due,4,302802,900,2x4,
14,Ware-fix,Low-Moderate,2,61-90 Days Past Due,4,277906,865,2x4,
13,Yearzim,Low-Moderate,2,61-90 Days Past Due,4,80075,866,2x4,
22,Conecom,Low-Moderate,2,90+ Days Past Due,5,50376,934,2x5,
19,Geois,Low-Moderate,2,90+ Days Past Due,5,279504,995,2x5,
19,Geois,Low-Moderate,2,90+ Days Past Due,5,361980,960,2x5,
17,Hotdex,Low-Moderate,2,90+ Days Past Due,5,250398,952,2x5,
23,Linecode,Low-Moderate,2,90+ Days Past Due,5,437715,987,2x5,
23,Linecode,Low-Moderate,2,90+ Days Past Due,5,407990,956,2x5,
20,Moveholdings,Low-Moderate,2,90+ Days Past Due,5,430351,996,2x5,
21,Singledrill,Low-Moderate,2,90+ Days Past Due,5,478352,990,2x5,
21,Singledrill,Low-Moderate,2,90+ Days Past Due,5,251175,979,2x5,
21,Singledrill,Low-Moderate,2,90+ Days Past Due,5,452726,989,2x5,
21,Singledrill,Low-Moderate,2,90+ Days Past Due,5,115548,977,2x5,
14,Ware-fix,Low-Moderate,2,90+ Days Past Due,5,290971,943,2x5,
13,Yearzim,Low-Moderate,2,90+ Days Past Due,5,412691,971,2x5,
13,Yearzim,Low-Moderate,2,90+ Days Past Due,5,315374,964,2x5,
13,Yearzim,Low-Moderate,2,90+ Days Past Due,5,147900,976,2x5,
25,Hotgreen,Moderate,3,Not Yet Due,1,432044,116,3x1,
25,Hotgreen,Moderate,3,Not Yet Due,1,310967,146,3x1,
25,Hotgreen,Moderate,3,Not Yet Due,1,277044,353,3x1,
25,Hotgreen,Moderate,3,Not Yet Due,1,63996,224,3x1,
25,Hotgreen,Moderate,3,Not Yet Due,1,108584,306,3x1,
25,Hotgreen,Moderate,3,Not Yet Due,1,127072,139,3x1,
25,Hotgreen,Moderate,3,Not Yet Due,1,481432,5,3x1,
25,Hotgreen,Moderate,3,Not Yet Due,1,445449,391,3x1,
25,Hotgreen,Moderate,3,Not Yet Due,1,297096,68,3x1,
25,Hotgreen,Moderate,3,Not Yet Due,1,451505,193,3x1,
25,Hotgreen,Moderate,3,Not Yet Due,1,281843,120,3x1,
24,Lanecon,Moderate,3,Not Yet Due,1,236827,100,3x1,
24,Lanecon,Moderate,3,Not Yet Due,1,181703,25,3x1,
24,Lanecon,Moderate,3,Not Yet Due,1,368977,95,3x1,
24,Lanecon,Moderate,3,Not Yet Due,1,450161,109,3x1,
24,Lanecon,Moderate,3,Not Yet Due,1,62232,115,3x1,
24,Lanecon,Moderate,3,Not Yet Due,1,275221,158,3x1,
24,Lanecon,Moderate,3,Not Yet Due,1,308824,258,3x1,
24,Lanecon,Moderate,3,Not Yet Due,1,190088,317,3x1,
24,Lanecon,Moderate,3,Not Yet Due,1,350217,375,3x1,
24,Lanecon,Moderate,3,Not Yet Due,1,390694,339,3x1,
24,Lanecon,Moderate,3,Not Yet Due,1,498857,184,3x1,
24,Lanecon,Moderate,3,Not Yet Due,1,497372,225,3x1,
24,Lanecon,Moderate,3,Not Yet Due,1,188996,24,3x1,
24,Lanecon,Moderate,3,Not Yet Due,1,88506,204,3x1,
24,Lanecon,Moderate,3,Not Yet Due,1,302865,194,3x1,
27,Lexiflex,Moderate,3,Not Yet Due,1,420183,180,3x1,
27,Lexiflex,Moderate,3,Not Yet Due,1,419120,302,3x1,
27,Lexiflex,Moderate,3,Not Yet Due,1,250322,366,3x1,
27,Lexiflex,Moderate,3,Not Yet Due,1,363059,182,3x1,
27,Lexiflex,Moderate,3,Not Yet Due,1,348253,356,3x1,
27,Lexiflex,Moderate,3,Not Yet Due,1,328244,19,3x1,
27,Lexiflex,Moderate,3,Not Yet Due,1,201805,291,3x1,
27,Lexiflex,Moderate,3,Not Yet Due,1,295050,410,3x1,
27,Lexiflex,Moderate,3,Not Yet Due,1,105023,220,3x1,
26,Ozerfax,Moderate,3,Not Yet Due,1,250155,310,3x1,
26,Ozerfax,Moderate,3,Not Yet Due,1,285148,27,3x1,
26,Ozerfax,Moderate,3,Not Yet Due,1,164049,352,3x1,
26,Ozerfax,Moderate,3,Not Yet Due,1,197683,136,3x1,
26,Ozerfax,Moderate,3,Not Yet Due,1,407265,321,3x1,
26,Ozerfax,Moderate,3,Not Yet Due,1,179147,188,3x1,
29,Planetware,Moderate,3,Not Yet Due,1,51269,141,3x1,
29,Planetware,Moderate,3,Not Yet Due,1,101635,61,3x1,
29,Planetware,Moderate,3,Not Yet Due,1,439324,265,3x1,
29,Planetware,Moderate,3,Not Yet Due,1,343969,389,3x1,
29,Planetware,Moderate,3,Not Yet Due,1,492330,250,3x1,
29,Planetware,Moderate,3,Not Yet Due,1,195890,134,3x1,
29,Planetware,Moderate,3,Not Yet Due,1,226179,191,3x1,
29,Planetware,Moderate,3,Not Yet Due,1,206426,254,3x1,
29,Planetware,Moderate,3,Not Yet Due,1,179673,76,3x1,
28,Vivazoom,Moderate,3,Not Yet Due,1,462025,350,3x1,
28,Vivazoom,Moderate,3,Not Yet Due,1,280957,420,3x1,
28,Vivazoom,Moderate,3,Not Yet Due,1,316122,421,3x1,
28,Vivazoom,Moderate,3,Not Yet Due,1,169555,427,3x1,
28,Vivazoom,Moderate,3,Not Yet Due,1,197330,156,3x1,
28,Vivazoom,Moderate,3,Not Yet Due,1,453169,36,3x1,
28,Vivazoom,Moderate,3,Not Yet Due,1,460427,341,3x1,
28,Vivazoom,Moderate,3,Not Yet Due,1,125390,183,3x1,
28,Vivazoom,Moderate,3,Not Yet Due,1,228282,360,3x1,
28,Vivazoom,Moderate,3,Not Yet Due,1,95042,118,3x1,
28,Vivazoom,Moderate,3,Not Yet Due,1,459667,277,3x1,
31,Wareice,Moderate,3,Not Yet Due,1,266885,412,3x1,
31,Wareice,Moderate,3,Not Yet Due,1,75920,117,3x1,
31,Wareice,Moderate,3,Not Yet Due,1,269015,348,3x1,
31,Wareice,Moderate,3,Not Yet Due,1,377377,212,3x1,
31,Wareice,Moderate,3,Not Yet Due,1,421416,16,3x1,
31,Wareice,Moderate,3,Not Yet Due,1,67703,45,3x1,
31,Wareice,Moderate,3,Not Yet Due,1,387956,164,3x1,
31,Wareice,Moderate,3,Not Yet Due,1,142116,201,3x1,
31,Wareice,Moderate,3,Not Yet Due,1,483218,416,3x1,
31,Wareice,Moderate,3,Not Yet Due,1,475869,69,3x1,
30,Yearice,Moderate,3,Not Yet Due,1,270845,202,3x1,
30,Yearice,Moderate,3,Not Yet Due,1,299704,347,3x1,
30,Yearice,Moderate,3,Not Yet Due,1,217724,105,3x1,
30,Yearice,Moderate,3,Not Yet Due,1,208804,228,3x1,
30,Yearice,Moderate,3,Not Yet Due,1,221782,344,3x1,
30,Yearice,Moderate,3,Not Yet Due,1,170485,405,3x1,
30,Yearice,Moderate,3,Not Yet Due,1,424364,84,3x1,
30,Yearice,Moderate,3,Not Yet Due,1,365605,119,3x1,
30,Yearice,Moderate,3,Not Yet Due,1,328387,198,3x1,
30,Yearice,Moderate,3,Not Yet Due,1,245074,262,3x1,
30,Yearice,Moderate,3,Not Yet Due,1,324851,75,3x1,
25,Hotgreen,Moderate,3,1-30 Days Past Due,2,201450,530,3x2,
25,Hotgreen,Moderate,3,1-30 Days Past Due,2,336323,542,3x2,
25,Hotgreen,Moderate,3,1-30 Days Past Due,2,283384,549,3x2,
25,Hotgreen,Moderate,3,1-30 Days Past Due,2,348297,456,3x2,
25,Hotgreen,Moderate,3,1-30 Days Past Due,2,434170,462,3x2,
25,Hotgreen,Moderate,3,1-30 Days Past Due,2,297698,574,3x2,
24,Lanecon,Moderate,3,1-30 Days Past Due,2,401750,438,3x2,
24,Lanecon,Moderate,3,1-30 Days Past Due,2,109425,639,3x2,
24,Lanecon,Moderate,3,1-30 Days Past Due,2,213868,536,3x2,
24,Lanecon,Moderate,3,1-30 Days Past Due,2,288920,503,3x2,
24,Lanecon,Moderate,3,1-30 Days Past Due,2,115586,713,3x2,
24,Lanecon,Moderate,3,1-30 Days Past Due,2,366791,701,3x2,
24,Lanecon,Moderate,3,1-30 Days Past Due,2,325470,467,3x2,
24,Lanecon,Moderate,3,1-30 Days Past Due,2,392686,719,3x2,
24,Lanecon,Moderate,3,1-30 Days Past Due,2,473510,768,3x2,
24,Lanecon,Moderate,3,1-30 Days Past Due,2,431750,595,3x2,
24,Lanecon,Moderate,3,1-30 Days Past Due,2,347808,596,3x2,
27,Lexiflex,Moderate,3,1-30 Days Past Due,2,379697,728,3x2,
27,Lexiflex,Moderate,3,1-30 Days Past Due,2,116901,705,3x2,
27,Lexiflex,Moderate,3,1-30 Days Past Due,2,60051,508,3x2,
27,Lexiflex,Moderate,3,1-30 Days Past Due,2,496637,518,3x2,
27,Lexiflex,Moderate,3,1-30 Days Past Due,2,376229,531,3x2,
27,Lexiflex,Moderate,3,1-30 Days Past Due,2,113125,544,3x2,
27,Lexiflex,Moderate,3,1-30 Days Past Due,2,398834,550,3x2,
27,Lexiflex,Moderate,3,1-30 Days Past Due,2,288667,457,3x2,
27,Lexiflex,Moderate,3,1-30 Days Past Due,2,476881,477,3x2,
27,Lexiflex,Moderate,3,1-30 Days Past Due,2,279448,541,3x2,
26,Ozerfax,Moderate,3,1-30 Days Past Due,2,356464,592,3x2,
26,Ozerfax,Moderate,3,1-30 Days Past Due,2,298139,510,3x2,
26,Ozerfax,Moderate,3,1-30 Days Past Due,2,80231,677,3x2,
26,Ozerfax,Moderate,3,1-30 Days Past Due,2,150085,762,3x2,
29,Planetware,Moderate,3,1-30 Days Past Due,2,367924,526,3x2,
29,Planetware,Moderate,3,1-30 Days Past Due,2,90027,589,3x2,
29,Planetware,Moderate,3,1-30 Days Past Due,2,151809,516,3x2,
29,Planetware,Moderate,3,1-30 Days Past Due,2,391927,466,3x2,
29,Planetware,Moderate,3,1-30 Days Past Due,2,177364,475,3x2,
29,Planetware,Moderate,3,1-30 Days Past Due,2,303075,490,3x2,
29,Planetware,Moderate,3,1-30 Days Past Due,2,257657,659,3x2,
29,Planetware,Moderate,3,1-30 Days Past Due,2,337781,752,3x2,
29,Planetware,Moderate,3,1-30 Days Past Due,2,388291,484,3x2,
29,Planetware,Moderate,3,1-30 Days Past Due,2,142246,691,3x2,
29,Planetware,Moderate,3,1-30 Days Past Due,2,238251,749,3x2,
28,Vivazoom,Moderate,3,1-30 Days Past Due,2,147928,640,3x2,
28,Vivazoom,Moderate,3,1-30 Days Past Due,2,61124,655,3x2,
28,Vivazoom,Moderate,3,1-30 Days Past Due,2,197308,641,3x2,
28,Vivazoom,Moderate,3,1-30 Days Past Due,2,92884,520,3x2,
28,Vivazoom,Moderate,3,1-30 Days Past Due,2,373079,461,3x2,
28,Vivazoom,Moderate,3,1-30 Days Past Due,2,55065,614,3x2,
28,Vivazoom,Moderate,3,1-30 Days Past Due,2,305131,522,3x2,
28,Vivazoom,Moderate,3,1-30 Days Past Due,2,103773,565,3x2,
28,Vivazoom,Moderate,3,1-30 Days Past Due,2,273949,450,3x2,
31,Wareice,Moderate,3,1-30 Days Past Due,2,125575,758,3x2,
31,Wareice,Moderate,3,1-30 Days Past Due,2,67780,435,3x2,
31,Wareice,Moderate,3,1-30 Days Past Due,2,101125,731,3x2,
31,Wareice,Moderate,3,1-30 Days Past Due,2,305954,776,3x2,
31,Wareice,Moderate,3,1-30 Days Past Due,2,119527,760,3x2,
31,Wareice,Moderate,3,1-30 Days Past Due,2,178891,765,3x2,
31,Wareice,Moderate,3,1-30 Days Past Due,2,214602,603,3x2,
30,Yearice,Moderate,3,1-30 Days Past Due,2,380074,741,3x2,
30,Yearice,Moderate,3,1-30 Days Past Due,2,61607,434,3x2,
30,Yearice,Moderate,3,1-30 Days Past Due,2,465220,683,3x2,
30,Yearice,Moderate,3,1-30 Days Past Due,2,485572,642,3x2,
30,Yearice,Moderate,3,1-30 Days Past Due,2,288347,656,3x2,
30,Yearice,Moderate,3,1-30 Days Past Due,2,222879,763,3x2,
30,Yearice,Moderate,3,1-30 Days Past Due,2,284282,476,3x2,
30,Yearice,Moderate,3,1-30 Days Past Due,2,106031,485,3x2,
30,Yearice,Moderate,3,1-30 Days Past Due,2,263658,443,3x2,
30,Yearice,Moderate,3,1-30 Days Past Due,2,297541,492,3x2,
30,Yearice,Moderate,3,1-30 Days Past Due,2,206437,594,3x2,
30,Yearice,Moderate,3,1-30 Days Past Due,2,196608,624,3x2,
30,Yearice,Moderate,3,1-30 Days Past Due,2,385425,581,3x2,
25,Hotgreen,Moderate,3,31-60 Days Past Due,3,123868,795,3x3,
25,Hotgreen,Moderate,3,31-60 Days Past Due,3,387978,820,3x3,
24,Lanecon,Moderate,3,31-60 Days Past Due,3,191077,831,3x3,
24,Lanecon,Moderate,3,31-60 Days Past Due,3,358860,843,3x3,
24,Lanecon,Moderate,3,31-60 Days Past Due,3,173704,805,3x3,
24,Lanecon,Moderate,3,31-60 Days Past Due,3,283945,811,3x3,
24,Lanecon,Moderate,3,31-60 Days Past Due,3,166004,838,3x3,
27,Lexiflex,Moderate,3,31-60 Days Past Due,3,134710,830,3x3,
27,Lexiflex,Moderate,3,31-60 Days Past Due,3,208353,807,3x3,
27,Lexiflex,Moderate,3,31-60 Days Past Due,3,343920,783,3x3,
26,Ozerfax,Moderate,3,31-60 Days Past Due,3,393270,786,3x3,
29,Planetware,Moderate,3,31-60 Days Past Due,3,69500,797,3x3,
29,Planetware,Moderate,3,31-60 Days Past Due,3,165051,791,3x3,
28,Vivazoom,Moderate,3,31-60 Days Past Due,3,446105,792,3x3,
28,Vivazoom,Moderate,3,31-60 Days Past Due,3,92939,840,3x3,
28,Vivazoom,Moderate,3,31-60 Days Past Due,3,294720,842,3x3,
28,Vivazoom,Moderate,3,31-60 Days Past Due,3,473205,802,3x3,
28,Vivazoom,Moderate,3,31-60 Days Past Due,3,400613,780,3x3,
31,Wareice,Moderate,3,31-60 Days Past Due,3,394134,787,3x3,
30,Yearice,Moderate,3,31-60 Days Past Due,3,248442,790,3x3,
30,Yearice,Moderate,3,31-60 Days Past Due,3,214359,804,3x3,
25,Hotgreen,Moderate,3,61-90 Days Past Due,4,266822,963,3x4,
24,Lanecon,Moderate,3,61-90 Days Past Due,4,214524,891,3x4,
27,Lexiflex,Moderate,3,61-90 Days Past Due,4,188010,955,3x4,
27,Lexiflex,Moderate,3,61-90 Days Past Due,4,466678,889,3x4,
27,Lexiflex,Moderate,3,61-90 Days Past Due,4,254722,905,3x4,
26,Ozerfax,Moderate,3,61-90 Days Past Due,4,273142,935,3x4,
26,Ozerfax,Moderate,3,61-90 Days Past Due,4,91636,912,3x4,
29,Planetware,Moderate,3,61-90 Days Past Due,4,277279,875,3x4,
29,Planetware,Moderate,3,61-90 Days Past Due,4,69865,972,3x4,
29,Planetware,Moderate,3,61-90 Days Past Due,4,192252,933,3x4,
29,Planetware,Moderate,3,"61-90 Days Past Due",4,126021,851,3x4,
29,Planetware,Moderate,3,61-90 Days Past Due,4,442770,928,3x4,
28,Vivazoom,Moderate,3,61-90 Days Past Due,4,306640,906,3x4,
28,Vivazoom,Moderate,3,61-90 Days Past Due,4,170378,961,3x4,
31,Wareice,Moderate,3,61-90 Days Past Due,4,433825,950,3x4,
30,Yearice,Moderate,3,61-90 Days Past Due,4,171764,969,3x4,
30,Yearice,Moderate,3,61-90 Days Past Due,4,427075,901,3x4,
30,Yearice,Moderate,3,61-90 Days Past Due,4,110370,944,3x4,
30,Yearice,Moderate,3,61-90 Days Past Due,4,205286,848,3x4,
30,Yearice,Moderate,3,61-90 Days Past Due,4,275869,845,3x4,
24,Lanecon,Moderate,3,90+ Days Past Due,5,249739,973,3x5,
27,Lexiflex,Moderate,3,90+ Days Past Due,5,264320,982,3x5,
26,Ozerfax,Moderate,3,90+ Days Past Due,5,65750,986,3x5,
26,Ozerfax,Moderate,3,"90+ Days Past Due",5,21671,981,3x5,
26,Ozerfax,Moderate,3,90+ Days Past Due,5,69922,998,3x5,
29,Planetware,Moderate,3,"90+ Days Past Due",5,126021,992,3x5,
28,Vivazoom,Moderate,3,90+ Days Past Due,5,121886,983,3x5,
31,Wareice,Moderate,3,"90+ Days Past Due",5,243373,999,3x5,
35,Constreet,Moderate-High,4,Not Yet Due,1,451845,103,4x1,
35,Constreet,Moderate-High,4,Not Yet Due,1,128905,338,4x1,
35,Constreet,Moderate-High,4,Not Yet Due,1,340883,127,4x1,
35,Constreet,Moderate-High,4,Not Yet Due,1,157218,29,4x1,
35,Constreet,Moderate-High,4,Not Yet Due,1,445851,264,4x1,
35,Constreet,Moderate-High,4,Not Yet Due,1,280027,22,4x1,
35,Constreet,Moderate-High,4,Not Yet Due,1,261388,189,4x1,
35,Constreet,Moderate-High,4,Not Yet Due,1,108955,6,4x1,
34,Ranhigh,Moderate-High,4,Not Yet Due,1,452458,271,4x1,
34,Ranhigh,Moderate-High,4,Not Yet Due,1,384056,273,4x1,
34,Ranhigh,Moderate-High,4,Not Yet Due,1,78601,215,4x1,
34,Ranhigh,Moderate-High,4,Not Yet Due,1,347127,203,4x1,
34,Ranhigh,Moderate-High,4,Not Yet Due,1,417760,208,4x1,
34,Ranhigh,Moderate-High,4,Not Yet Due,1,479472,316,4x1,
34,Ranhigh,Moderate-High,4,Not Yet Due,1,390834,281,4x1,
34,Ranhigh,Moderate-High,4,Not Yet Due,1,115707,81,4x1,
34,Ranhigh,Moderate-High,4,Not Yet Due,1,487316,268,4x1,
34,Ranhigh,Moderate-High,4,Not Yet Due,1,311969,130,4x1,
34,Ranhigh,Moderate-High,4,Not Yet Due,1,201133,297,4x1,
34,Ranhigh,Moderate-High,4,Not Yet Due,1,109166,135,4x1,
34,Ranhigh,Moderate-High,4,Not Yet Due,1,154285,91,4x1,
33,Techdexon,Moderate-High,4,Not Yet Due,1,185076,307,4x1,
33,Techdexon,Moderate-High,4,Not Yet Due,1,309895,94,4x1,
33,Techdexon,Moderate-High,4,Not Yet Due,1,141558,11,4x1,
33,Techdexon,Moderate-High,4,Not Yet Due,1,203021,13,4x1,
33,Techdexon,Moderate-High,4,Not Yet Due,1,95479,171,4x1,
33,Techdexon,Moderate-High,4,Not Yet Due,1,460924,263,4x1,
33,Techdexon,Moderate-High,4,Not Yet Due,1,116783,41,4x1,
37,Unocone,Moderate-High,4,Not Yet Due,1,444292,101,4x1,
37,Unocone,Moderate-High,4,Not Yet Due,1,245448,107,4x1,
37,Unocone,Moderate-High,4,Not Yet Due,1,288143,237,4x1,
37,Unocone,Moderate-High,4,Not Yet Due,1,51602,195,4x1,
37,Unocone,Moderate-High,4,Not Yet Due,1,197408,157,4x1,
37,Unocone,Moderate-High,4,Not Yet Due,1,327335,349,4x1,
37,Unocone,Moderate-High,4,Not Yet Due,1,363594,142,4x1,
37,Unocone,Moderate-High,4,Not Yet Due,1,183627,17,4x1,
37,Unocone,Moderate-High,4,Not Yet Due,1,319917,334,4x1,
37,Unocone,Moderate-High,4,Not Yet Due,1,380604,205,4x1,
36,Unoin,Moderate-High,4,Not Yet Due,1,179782,288,4x1,
36,Unoin,Moderate-High,4,Not Yet Due,1,216778,2,4x1,
36,Unoin,Moderate-High,4,Not Yet Due,1,281901,7,4x1,
36,Unoin,Moderate-High,4,Not Yet Due,1,312504,38,4x1,
36,Unoin,Moderate-High,4,Not Yet Due,1,367723,151,4x1,
36,Unoin,Moderate-High,4,Not Yet Due,1,411459,44,4x1,
36,Unoin,Moderate-High,4,Not Yet Due,1,149893,261,4x1,
32,X-trax,Moderate-High,4,Not Yet Due,1,472137,179,4x1,
32,X-trax,Moderate-High,4,Not Yet Due,1,285451,226,4x1,
32,X-trax,Moderate-High,4,Not Yet Due,1,87976,284,4x1,
32,X-trax,Moderate-High,4,Not Yet Due,1,337856,304,4x1,
32,X-trax,Moderate-High,4,Not Yet Due,1,461278,249,4x1,
32,X-trax,Moderate-High,4,Not Yet Due,1,147757,229,4x1,
32,X-trax,Moderate-High,4,Not Yet Due,1,471570,59,4x1,
32,X-trax,Moderate-High,4,Not Yet Due,1,68533,192,4x1,
35,Constreet,Moderate-High,4,1-30 Days Past Due,2,96328,413,4x2,
35,Constreet,Moderate-High,4,1-30 Days Past Due,2,129133,423,4x2,
35,Constreet,Moderate-High,4,1-30 Days Past Due,2,176700,429,4x2,
35,Constreet,Moderate-High,4,1-30 Days Past Due,2,113911,505,4x2,
35,Constreet,Moderate-High,4,1-30 Days Past Due,2,333300,519,4x2,
35,Constreet,Moderate-High,4,1-30 Days Past Due,2,297643,394,4x2,
34,Ranhigh,Moderate-High,4,1-30 Days Past Due,2,282926,455,4x2,
34,Ranhigh,Moderate-High,4,1-30 Days Past Due,2,422839,363,4x2,
34,Ranhigh,Moderate-High,4,1-30 Days Past Due,2,146110,515,4x2,
33,Techdexon,Moderate-High,4,1-30 Days Past Due,2,160666,425,4x2,
33,Techdexon,Moderate-High,4,1-30 Days Past Due,2,170373,535,4x2,
33,Techdexon,Moderate-High,4,1-30 Days Past Due,2,158295,387,4x2,
33,Techdexon,Moderate-High,4,1-30 Days Past Due,2,401316,460,4x2,
33,Techdexon,Moderate-High,4,1-30 Days Past Due,2,338416,540,4x2,
33,Techdexon,Moderate-High,4,1-30 Days Past Due,2,418994,491,4x2,
33,Techdexon,Moderate-High,4,1-30 Days Past Due,2,316564,382,4x2,
33,Techdexon,Moderate-High,4,1-30 Days Past Due,2,336824,449,4x2,
37,Unocone,Moderate-High,4,1-30 Days Past Due,2,453510,502,4x2,
37,Unocone,Moderate-High,4,1-30 Days Past Due,2,112116,370,4x2,
37,Unocone,Moderate-High,4,1-30 Days Past Due,2,212355,380,4x2,
37,Unocone,Moderate-High,4,1-30 Days Past Due,2,339434,482,4x2,
36,Unoin,Moderate-High,4,1-30 Days Past Due,2,424833,501,4x2,
36,Unoin,Moderate-High,4,1-30 Days Past Due,2,350016,506,4x2,
36,Unoin,Moderate-High,4,1-30 Days Past Due,2,257089,504,4x2,
36,Unoin,Moderate-High,4,1-30 Days Past Due,2,326143,509,4x2,
36,Unoin,Moderate-High,4,1-30 Days Past Due,2,296756,407,4x2,
32,X-trax,Moderate-High,4,1-30 Days Past Due,2,120177,529,4x2,
32,X-trax,Moderate-High,4,1-30 Days Past Due,2,139798,479,4x2,
32,X-trax,Moderate-High,4,1-30 Days Past Due,2,256164,409,4x2,
32,X-trax,Moderate-High,4,1-30 Days Past Due,2,311504,395,4x2,
35,Constreet,Moderate-High,4,31-60 Days Past Due,3,442964,607,4x3,
35,Constreet,Moderate-High,4,31-60 Days Past Due,3,245416,554,4x3,
35,Constreet,Moderate-High,4,31-60 Days Past Due,3,147404,638,4x3,
35,Constreet,Moderate-High,4,31-60 Days Past Due,3,113395,694,4x3,
35,Constreet,Moderate-High,4,31-60 Days Past Due,3,212663,578,4x3,
35,Constreet,Moderate-High,4,31-60 Days Past Due,3,198267,647,4x3,
35,Constreet,Moderate-High,4,31-60 Days Past Due,3,423274,604,4x3,
34,Ranhigh,Moderate-High,4,31-60 Days Past Due,3,397438,681,4x3,
34,Ranhigh,Moderate-High,4,31-60 Days Past Due,3,54299,612,4x3,
34,Ranhigh,Moderate-High,4,31-60 Days Past Due,3,465231,643,4x3,
34,Ranhigh,Moderate-High,4,31-60 Days Past Due,3,76668,552,4x3,
34,Ranhigh,Moderate-High,4,31-60 Days Past Due,3,319791,623,4x3,
34,Ranhigh,Moderate-High,4,31-60 Days Past Due,3,283364,648,4x3,
33,Techdexon,Moderate-High,4,31-60 Days Past Due,3,185588,597,4x3,
33,Techdexon,Moderate-High,4,31-60 Days Past Due,3,449445,599,4x3,
33,Techdexon,Moderate-High,4,31-60 Days Past Due,3,130148,690,4x3,
33,Techdexon,Moderate-High,4,31-60 Days Past Due,3,137343,560,4x3,
33,Techdexon,Moderate-High,4,31-60 Days Past Due,3,118282,546,4x3,
33,Techdexon,Moderate-High,4,31-60 Days Past Due,3,229172,571,4x3,
33,Techdexon,Moderate-High,4,31-60 Days Past Due,3,241253,573,4x3,
33,Techdexon,Moderate-High,4,31-60 Days Past Due,3,439481,625,4x3,
37,Unocone,Moderate-High,4,31-60 Days Past Due,3,403480,600,4x3,
37,Unocone,Moderate-High,4,31-60 Days Past Due,3,56759,610,4x3,
36,Unoin,Moderate-High,4,31-60 Days Past Due,3,89332,703,4x3,
36,Unoin,Moderate-High,4,31-60 Days Past Due,3,222469,697,4x3,
36,Unoin,Moderate-High,4,31-60 Days Past Due,3,421625,636,4x3,
36,Unoin,Moderate-High,4,31-60 Days Past Due,3,126972,570,4x3,
32,X-trax,Moderate-High,4,31-60 Days Past Due,3,473352,608,4x3,
32,X-trax,Moderate-High,4,31-60 Days Past Due,3,128953,680,4x3,
32,X-trax,Moderate-High,4,31-60 Days Past Due,3,464079,695,4x3,
35,Constreet,Moderate-High,4,61-90 Days Past Due,4,237515,754,4x4,
35,Constreet,Moderate-High,4,61-90 Days Past Due,4,459959,937,4x4,
35,Constreet,Moderate-High,4,61-90 Days Past Due,4,358938,886,4x4,
34,Ranhigh,Moderate-High,4,61-90 Days Past Due,4,253869,929,4x4,
34,Ranhigh,Moderate-High,4,61-90 Days Past Due,4,429941,775,4x4,
34,Ranhigh,Moderate-High,4,61-90 Days Past Due,4,60550,904,4x4,
34,Ranhigh,Moderate-High,4,"61-90 Days Past Due",4,33282,862,4x4,
34,Ranhigh,Moderate-High,4,"61-90 Days Past Due",4,45938,823,4x4,
33,Techdexon,Moderate-High,4,61-90 Days Past Due,4,166168,756,4x4,
33,Techdexon,Moderate-High,4,61-90 Days Past Due,4,130992,857,4x4,
33,Techdexon,Moderate-High,4,61-90 Days Past Due,4,112286,874,4x4,
33,Techdexon,Moderate-High,4,"61-90 Days Past Due",4,1164701,816,4x4,
33,Techdexon,Moderate-High,4,61-90 Days Past Due,4,107785,821,4x4,
37,Unocone,Moderate-High,4,61-90 Days Past Due,4,78695,931,4x4,
37,Unocone,Moderate-High,4,61-90 Days Past Due,4,175097,837,4x4,
37,Unocone,Moderate-High,4,61-90 Days Past Due,4,177616,861,4x4,
37,Unocone,Moderate-High,4,61-90 Days Past Due,4,209449,863,4x4,
37,Unocone,Moderate-High,4,61-90 Days Past Due,4,399063,779,4x4,
37,Unocone,Moderate-High,4,61-90 Days Past Due,4,245263,853,4x4,
37,Unocone,Moderate-High,4,61-90 Days Past Due,4,79271,926,4x4,
37,Unocone,Moderate-High,4,61-90 Days Past Due,4,69399,766,4x4,
36,Unoin,Moderate-High,4,61-90 Days Past Due,4,442325,788,4x4,
36,Unoin,Moderate-High,4,61-90 Days Past Due,4,404340,895,4x4,
36,Unoin,Moderate-High,4,"61-90 Days Past Due",4,35255,856,4x4,
36,Unoin,Moderate-High,4,"61-90 Days Past Due",4,42912,784,4x4,
32,X-trax,Moderate-High,4,"61-90 Days Past Due",4,3350000,907,4x4,
32,X-trax,Moderate-High,4,"61-90 Days Past Due",4,3500000,932,4x4,
32,X-trax,Moderate-High,4,"61-90 Days Past Due",4,1450000,917,4x4,
32,X-trax,Moderate-High,4,"61-90 Days Past Due",4,400000,753,4x4,
33,Techdexon,Moderate-High,4,90+ Days Past Due,5,83944,985,4x5,
33,Techdexon,Moderate-High,4,90+ Days Past Due,5,218245,938,4x5,
33,Techdexon,Moderate-High,4,90+ Days Past Due,5,491723,954,4x5,
37,Unocone,Moderate-High,4,90+ Days Past Due,5,247420,959,4x5,
37,Unocone,Moderate-High,4,90+ Days Past Due,5,106251,958,4x5,
37,Unocone,Moderate-High,4,90+ Days Past Due,5,269998,966,4x5,
36,Unoin,Moderate-High,4,90+ Days Past Due,5,350723,994,4x5,
32,X-trax,Moderate-High,4,90+ Days Past Due,5,241605,980,4x5,
32,X-trax,Moderate-High,4,90+ Days Past Due,5,397622,945,4x5,
40,Santom,High,5,Not Yet Due,1,153982,235,5x1,
40,Santom,High,5,Not Yet Due,1,457596,260,5x1,
40,Santom,High,5,Not Yet Due,1,160241,49,5x1,
40,Santom,High,5,Not Yet Due,1,375547,149,5x1,
40,Santom,High,5,Not Yet Due,1,398371,287,5x1,
39,Standanace,High,5,Not Yet Due,1,189545,114,5x1,
39,Standanace,High,5,Not Yet Due,1,227503,256,5x1,
39,Standanace,High,5,Not Yet Due,1,240369,233,5x1,
39,Standanace,High,5,Not Yet Due,1,333324,216,5x1,
39,Standanace,High,5,Not Yet Due,1,478161,32,5x1,
39,Standanace,High,5,Not Yet Due,1,150380,35,5x1,
39,Standanace,High,5,Not Yet Due,1,292467,147,5x1,
39,Standanace,High,5,Not Yet Due,1,382328,181,5x1,
39,Standanace,High,5,Not Yet Due,1,143398,39,5x1,
39,Standanace,High,5,Not Yet Due,1,223072,57,5x1,
39,Standanace,High,5,Not Yet Due,1,415659,40,5x1,
39,Standanace,High,5,Not Yet Due,1,286922,253,5x1,
38,Trescorporation,High,5,Not Yet Due,1,444978,26,5x1,
38,Trescorporation,High,5,Not Yet Due,1,196524,110,5x1,
38,Trescorporation,High,5,Not Yet Due,1,448295,73,5x1,
38,Trescorporation,High,5,Not Yet Due,1,128206,15,5x1,
38,Trescorporation,High,5,Not Yet Due,1,285753,218,5x1,
40,Santom,High,5,1-30 Days Past Due,2,179686,422,5x2,
40,Santom,High,5,1-30 Days Past Due,2,83786,430,5x2,
40,Santom,High,5,1-30 Days Past Due,2,197417,436,5x2,
40,Santom,High,5,1-30 Days Past Due,2,230949,384,5x2,
39,Standanace,High,5,1-30 Days Past Due,2,254129,315,5x2,
39,Standanace,High,5,1-30 Days Past Due,2,289829,327,5x2,
39,Standanace,High,5,1-30 Days Past Due,2,74878,357,5x2,
39,Standanace,High,5,1-30 Days Past Due,2,456205,495,5x2,
39,Standanace,High,5,1-30 Days Past Due,2,343488,358,5x2,
39,Standanace,High,5,1-30 Days Past Due,2,96084,331,5x2,
38,Trescorporation,High,5,1-30 Days Past Due,2,406316,500,5x2,
38,Trescorporation,High,5,1-30 Days Past Due,2,322849,328,5x2,
38,Trescorporation,High,5,1-30 Days Past Due,2,481914,463,5x2,
38,Trescorporation,High,5,1-30 Days Past Due,2,445697,336,5x2,
38,Trescorporation,High,5,1-30 Days Past Due,2,425865,290,5x2,
40,Santom,High,5,31-60 Days Past Due,3,439088,664,5x3,
40,Santom,High,5,31-60 Days Past Due,3,427473,700,5x3,
40,Santom,High,5,31-60 Days Past Due,3,58141,572,5x3,
40,Santom,High,5,31-60 Days Past Due,3,85424,580,5x3,
39,Standanace,High,5,31-60 Days Past Due,3,352985,682,5x3,
39,Standanace,High,5,"31-60 Days Past Due",3,45396,525,5x3,
39,Standanace,High,5,31-60 Days Past Due,3,69907,507,5x3,
39,Standanace,High,5,31-60 Days Past Due,3,303379,620,5x3,
39,Standanace,High,5,31-60 Days Past Due,3,256494,671,5x3,
39,Standanace,High,5,31-60 Days Past Due,3,336678,538,5x3,
39,Standanace,High,5,31-60 Days Past Due,3,263015,684,5x3,
38,Trescorporation,High,5,31-60 Days Past Due,3,234881,637,5x3,
38,Trescorporation,High,5,31-60 Days Past Due,3,452535,547,5x3,
38,Trescorporation,High,5,31-60 Days Past Due,3,137698,605,5x3,
38,Trescorporation,High,5,31-60 Days Past Due,3,312295,702,5x3,
40,Santom,High,5,61-90 Days Past Due,4,101995,800,5x4,
40,Santom,High,5,61-90 Days Past Due,4,403989,894,5x4,
40,Santom,High,5,61-90 Days Past Due,4,467067,777,5x4,
40,Santom,High,5,61-90 Days Past Due,4,303162,813,5x4,
40,Santom,High,5,61-90 Days Past Due,4,149634,815,5x4,
40,Santom,High,5,61-90 Days Past Due,4,222879,718,5x4,
39,Standanace,High,5,61-90 Days Past Due,4,450644,739,5x4,
39,Standanace,High,5,61-90 Days Past Due,4,500000,793,5x4,
39,Standanace,High,5,61-90 Days Past Due,4,400000,723,5x4,
39,Standanace,High,5,61-90 Days Past Due,4,350000,893,5x4,
39,Standanace,High,5,61-90 Days Past Due,4,400000,864,5x4,
39,Standanace,High,5,61-90 Days Past Due,4,300000,751,5x4,
39,Standanace,High,5,61-90 Days Past Due,4,450000,809,5x4,
38,Trescorporation,High,5,61-90 Days Past Due,4,284808,828,5x4,
38,Trescorporation,High,5,61-90 Days Past Due,4,215814,819,5x4,
40,Santom,High,5,90+ Days Past Due,5,202768,924,5x5,
40,Santom,High,5,90+ Days Past Due,5,419721,984,5x5,
40,Santom,High,5,"90+ Days Past Due",5,1468222,974,5x5,
39,Standanace,High,5,90+ Days Past Due,5,294542,988,5x5,
39,Standanace,High,5,"90+ Days Past Due",5,1189879,911,5x5,
39,Standanace,High,5,90+ Days Past Due,5,459187,1000,5x5,
38,Trescorporation,High,5,"90+ Days Past Due",5,11299811,908,5x5,
